timestamp,batch_size,model_params,embedding_dim,final_embedding_dim,hidden_dims,learning_rate,epochs,train_loss,train_acc,val_loss,val_acc,recall_at_5,recall_at_10,mrr,similarity_gap,train_batches,test_batches,gpu_optimization,throughput_batch_s,throughput_sample_s
2025-09-17 09:04:48,512,2890912,32,128,"[512, 256]",0.001,1,5.755007028122095,0.0166084353007037,5.591711127239725,0.026664402173913,,,0.0974766331179367,0.8763911092982573,1563,391,GPU Collate + CUDA Streams + TF32/cuDNN,,
2025-09-17 09:09:17,512,2890912,32,128,"[512, 256]",0.001,1,5.006305098266601,0.03864625,4.907407356954901,0.0434033328005115,,,0.1387827099703462,0.83157510906839,3125,782,GPU Collate + CUDA Streams + TF32/cuDNN,,
2025-09-21 01:49:25,256,2890912,32,128,"[512, 256]",0.001,1,4.991204505004883,0.0345825,4.890557247659435,0.0479589593989769,,,0.1478267837496822,0.8883860472523039,3125,782,GPU Collate + CUDA Streams + TF32/cuDNN,,
2025-10-20 06:30:00,256,2890912,32,128,"[512, 256]",0.001,1,5.00594772354126,0.03402,4.902471906998578,0.036834638746803,,,0.1235181769770582,0.8732334030101366,3125,782,GPU Collate + CUDA Streams + TF32/cuDNN,,
2025-10-23 05:10:46,256,2890913,32,128,"[512, 256]",0.001,1,4.664387572479248,0.02207625,4.598265172270557,0.0226232816496163,,,0.0807029370104184,2.447984753667241,3125,782,GPU Collate + CUDA Streams + TF32/cuDNN,,
2025-10-23 05:32:29,256,2890913,32,128,"[512, 256]",0.001,1,4.697495710144043,0.019055,4.69514090203873,0.0195861972506393,,,0.0765446784008113,2.3768193020540127,3125,782,GPU Collate + CUDA Streams + TF32/cuDNN,,
2025-10-24 07:54:04,256,2890913,32,128,"[512, 256]",0.001,1,5.127605169708548,0.0115321604520683,5.205823471710008,0.0099316601742958,,,0.0446953344959777,0.9272028855029836,1222397,305600,GPU Collate + CUDA Streams + TF32/cuDNN,,
2025-10-26 04:00:21,256,2890913,32,128,"[512, 256]",0.001,1,4.678493303985595,0.0208225,4.8159092612888506,0.0204903292838874,,,0.076297449057593,1.859084615012264,3125,782,GPU Collate + CUDA Streams + TF32/cuDNN,,
2025-11-09 09:00:32,512,2841440,32,128,"[256, 128]",0.001,1,6.300043847150864,,6.158653259277344,,,,,,streaming,0,V2: EBC + GPU gather + ID-only + torch.compile + AMP,8.548382273943112,4376.771724258873
2025-11-09 09:02:49,512,2841440,32,128,"[256, 128]",0.001,1/3,6.2861798037389285,,6.159219264984131,,,,,,157,streaming,V2: EBC + GPU gather + ID-only + torch.compile + AMP,16.745070158182195,8573.475920989284
2025-11-09 09:02:51,512,2841440,32,128,"[256, 128]",0.001,2/3,6.18290615689223,,6.151228904724121,,,,,,157,streaming,V2: EBC + GPU gather + ID-only + torch.compile + AMP,85.3278378450872,43687.85297668465
2025-11-09 09:02:53,512,2841440,32,128,"[256, 128]",0.001,3/3,6.170878416413714,,6.150209903717041,,,,,,157,streaming,V2: EBC + GPU gather + ID-only + torch.compile + AMP,97.51798928392505,49929.21051336962
2025-11-09 09:04:47,256,2841440,32,128,"[256, 128]",0.001,1/3,,,,,,,,,3125,streaming,V2: EBC + GPU gather + ID-only + torch.compile + AMP,118.79877285015162,30412.48584963881
2025-11-09 09:05:10,256,2841440,32,128,"[256, 128]",0.001,2/3,3.713800417938233,,,,,,,,3125,streaming,V2: EBC + GPU gather + ID-only + torch.compile + AMP,153.45328966367782,39284.04215390152
2025-11-09 09:05:34,256,2841440,32,128,"[256, 128]",0.001,3/3,3.560778596343994,,,,,,,,3125,streaming,V2: EBC + GPU gather + ID-only + torch.compile + AMP,151.49222826792368,38782.01043658846
2025-11-09 09:24:12,512,2841440,32,128,"[256, 128]",0.001,1/1,6.291358801969297,,6.157866954803467,,,,,,157,streaming,V2: EBC + GPU gather + ID-only + torch.compile + AMP,16.40690647765942,8400.336116561622
2025-11-09 09:25:22,256,2841440,32,128,"[256, 128]",0.001,1/3,,,,,,,,,3125,streaming,V2: EBC + GPU gather + ID-only + torch.compile + AMP,117.83340091097574,30165.35063320979
2025-11-09 09:25:47,256,2841440,32,128,"[256, 128]",0.001,2/3,3.619368635940552,,,,,,,,3125,streaming,V2: EBC + GPU gather + ID-only + torch.compile + AMP,151.07709571204057,38675.73650228238
2025-11-09 09:26:11,256,2841440,32,128,"[256, 128]",0.001,3/3,,,,,,,,,3125,streaming,V2: EBC + GPU gather + ID-only + torch.compile + AMP,148.2350800366177,37948.18048937413
2025-11-09 09:31:02,256,2841440,32,128,"[256, 128]",0.001,1/3,4.5080818267822265,,,,,,,,3125,streaming,V2: EBC + GPU gather + ID-only + torch.compile + AMP,117.74302982589263,30142.215635428514
2025-11-09 09:31:26,256,2841440,32,128,"[256, 128]",0.001,2/3,3.7560363800811767,,,,,,,,3125,streaming,V2: EBC + GPU gather + ID-only + torch.compile + AMP,149.1863481151753,38191.70511748488
2025-11-09 09:31:51,256,2841440,32,128,"[256, 128]",0.001,3/3,3.686104554748536,,,,,,,,3125,streaming,V2: EBC + GPU gather + ID-only + torch.compile + AMP,149.90794875140946,38376.43488036082
2025-11-10 01:42:04,256,2841440,32,128,"[256, 128]",0.001,1/3,4.39574003326416,,,,,,,,3125,streaming,V2: EBC + GPU gather + ID-only + torch.compile + AMP,116.85184865727844,29914.073256263284
2025-11-10 01:42:28,256,2841440,32,128,"[256, 128]",0.001,2/3,3.705207783584594,,,,,,,,3125,streaming,V2: EBC + GPU gather + ID-only + torch.compile + AMP,148.86097256032264,38108.4089754426
2025-11-10 01:42:53,256,2841440,32,128,"[256, 128]",0.001,3/3,3.566855776901245,,,,,,,,3125,streaming,V2: EBC + GPU gather + ID-only + torch.compile + AMP,147.34712502513503,37720.86400643457
2025-11-10 01:44:25,256,2841440,32,128,"[256, 128]",0.001,1/3,4.693433751831055,,,,,,,,3125,streaming,V2: EBC + GPU gather + ID-only + torch.compile + AMP,116.91916327761332,29931.305799069007
2025-11-10 01:44:50,256,2841440,32,128,"[256, 128]",0.001,2/3,5.40703091796875,,,,,,,,3125,streaming,V2: EBC + GPU gather + ID-only + torch.compile + AMP,147.36409711765307,37725.20886211919
2025-11-10 01:45:15,256,2841440,32,128,"[256, 128]",0.001,3/3,5.42989419921875,,,,,,,,3125,streaming,V2: EBC + GPU gather + ID-only + torch.compile + AMP,146.01129290497877,37378.89098367456
2025-11-10 01:48:46,256,2841440,32,128,"[256, 128]",0.001,1/3,4.6104727151489255,,,,,,,,3125,streaming,V2: EBC + GPU gather + ID-only + torch.compile + AMP,118.17598426551396,30253.051971971578
2025-11-10 01:49:10,256,2841440,32,128,"[256, 128]",0.001,2/3,5.274801641845703,,,,,,,,3125,streaming,V2: EBC + GPU gather + ID-only + torch.compile + AMP,151.45440169496925,38772.32683391213
2025-11-10 01:49:34,256,2841440,32,128,"[256, 128]",0.001,3/3,5.444064912109375,,,,,,,,3125,streaming,V2: EBC + GPU gather + ID-only + torch.compile + AMP,152.29998989330053,38988.79741268494
2025-11-10 01:58:16,256,2841440,32,128,"[256, 128]",0.001,1/3,4.479725847778321,,,,,,,,3125,streaming,V2: EBC + GPU gather + ID-only + torch.compile + AMP,117.29550457855348,30027.649172109694
2025-11-10 01:58:40,256,2841440,32,128,"[256, 128]",0.001,2/3,5.178372877807617,,,,,,,,3125,streaming,V2: EBC + GPU gather + ID-only + torch.compile + AMP,150.7003151907578,38579.280688834
2025-11-10 01:59:04,256,2841440,32,128,"[256, 128]",0.001,3/3,5.279400437011719,,,,,,,,3125,streaming,V2: EBC + GPU gather + ID-only + torch.compile + AMP,150.61775492050998,38558.14525965056
2025-11-10 02:02:10,256,2841440,32,128,"[256, 128]",0.001,1/3,5.540629926200111,,5.513301849365234,,,,,,313,streaming,V2: EBC + GPU gather + ID-only + torch.compile + AMP,15.23201605420522,3899.396109876536
2025-11-10 02:02:13,256,2841440,32,128,"[256, 128]",0.001,2/3,5.457791032882544,,,,,,,,313,streaming,V2: EBC + GPU gather + ID-only + torch.compile + AMP,152.7855654440994,39113.10475368945
2025-11-10 02:02:15,256,2841440,32,128,"[256, 128]",0.001,3/3,5.276587196813224,,,,,,,,313,streaming,V2: EBC + GPU gather + ID-only + torch.compile + AMP,158.20840624225718,40501.35199801784
2025-11-10 02:06:13,256,2841440,32,128,"[256, 128]",0.001,1/1,5.677133440971375,,5.522417068481445,,,,,,32,streaming,V2: EBC + GPU gather + ID-only + torch.compile + AMP,2.888976364665159,739.5779493542807
2025-11-10 02:07:33,256,2841440,32,128,"[256, 128]",0.001,1/1,4.571014309082031,,5.398952007293701,,,,,,3125,streaming,V2: EBC + GPU gather + ID-only + torch.compile + AMP,115.25059636239602,29504.152668773386
2025-11-10 02:08:29,256,2841440,32,128,"[256, 128]",0.001,1/3,5.549052204948644,,5.512633800506592,,,,,,313,streaming,V2: EBC + GPU gather + ID-only + torch.compile + AMP,25.14610286755492,6437.402334094059
2025-11-10 02:08:31,256,2841440,32,128,"[256, 128]",0.001,2/3,5.455959307880828,,5.514986038208008,,,,,,313,streaming,V2: EBC + GPU gather + ID-only + torch.compile + AMP,153.21422413496308,39222.84137855055
2025-11-10 02:08:34,256,2841440,32,128,"[256, 128]",0.001,3/3,5.388261411136712,,5.485530376434326,,,,,,313,streaming,V2: EBC + GPU gather + ID-only + torch.compile + AMP,161.60020916170618,41369.65354539678
2025-11-10 02:09:14,256,2841440,32,128,"[256, 128]",0.001,1/3,5.542047348266212,,5.514172554016113,,,,,,313,streaming,V2: EBC + GPU gather + ID-only + torch.compile + AMP,25.169314573824348,6443.344530899033
2025-11-10 02:09:17,256,2841440,32,128,"[256, 128]",0.001,2/3,5.39238242981152,,5.47557544708252,,,,,,313,streaming,V2: EBC + GPU gather + ID-only + torch.compile + AMP,153.5335650886449,39304.5926626931
2025-11-10 02:09:19,256,2841440,32,128,"[256, 128]",0.001,3/3,5.012440946536323,,5.433609962463379,,,,,,313,streaming,V2: EBC + GPU gather + ID-only + torch.compile + AMP,158.13025604890314,40481.3455485192
2025-11-10 02:10:08,256,2841440,32,128,"[256, 128]",0.001,1/3,5.548450409033047,,5.513901710510254,,,,,,313,streaming,V2: EBC + GPU gather + ID-only + torch.compile + AMP,25.461288834843188,6518.089941719856
2025-11-10 02:10:11,256,2841440,32,128,"[256, 128]",0.001,2/3,5.481104622252833,,5.510787963867188,,,,,,313,streaming,V2: EBC + GPU gather + ID-only + torch.compile + AMP,156.9212510170523,40171.84026036539
2025-11-10 02:10:13,256,2841440,32,128,"[256, 128]",0.001,3/3,5.429621224205334,,5.5045905113220215,,,,,,313,streaming,V2: EBC + GPU gather + ID-only + torch.compile + AMP,155.05543466449976,39694.19127411194
2025-11-10 02:17:36,256,2841440,32,128,"[256, 128]",0.001,1/2,5.5507888062693445,,5.513797760009766,,,,,,313,streaming,V2: EBC + GPU gather + ID-only + torch.compile + AMP,24.363719147370794,6237.112101726923
2025-11-10 02:17:38,256,2841440,32,128,"[256, 128]",0.001,1/3,5.534685201919117,,5.519899368286133,,,,,,313,streaming,V2: EBC + GPU gather + ID-only + torch.compile + AMP,24.558265688304683,6286.916016205999
2025-11-10 02:17:38,256,2841440,32,128,"[256, 128]",0.001,2/2,5.483605576780277,,5.510967254638672,,,,,,313,streaming,V2: EBC + GPU gather + ID-only + torch.compile + AMP,157.9309715454886,40430.32871564508
2025-11-10 02:17:40,256,2841440,32,128,"[256, 128]",0.001,2/3,5.48591691769731,,5.511895656585693,,,,,,313,streaming,V2: EBC + GPU gather + ID-only + torch.compile + AMP,153.34744668973934,39256.94635257327
2025-11-10 02:17:42,256,2841440,32,128,"[256, 128]",0.001,3/3,5.4392502026055185,N/A,5.550160884857178,N/A,N/A,N/A,N/A,N/A,313,streaming,V2: EBC + GPU gather + ID-only + torch.compile + AMP,159.66843108842875,40875.11835863776
